Codigo,Nombre
1,SET DADOS BICOLOR
2,SET DADOS MARMOLEADO
3,SET DADOS ROL VICTORIANO
4,SET DADOS ROL NORMAL
1000,Carta Suelta
1200,Carta Suelta 200
1300,Carta Suelta 300
1500,Carta Suelta 500
70908104586,MAREAALTA
72473627991,LLAMAKADABRA
73854024409,BICYCLEMETALLUXERED
73854024416,BICYCLEMATELLUXEBLUE
73854025413,BICYCLEARCHWONDERS
74427156008,PROTECTOR ECLIPSE GLOSS BLANCO
74427156121,PROTECTOR ECLIPSE MATTE BLANCO
74427813741,ULTRAPRO4POCKETALBUM
74427827137,PERFECTFITULTRAPRO
195166103112,MTGKAMIGAWATHEMEBOOSTER
195166121826,STREETS OF NEW CAPENNA THEME B
195166248899,MURDERS AT KARLOV MANOR PLAY B
195166248905,KARLOV MANOR BOOSTER BOX
195166252384,OUTLAWSBOOSTER
195166253596,MODERN HORIZONS 3 BOOSTER
195166258591,DUSKMOURN PLAY BOOSTER
195166258607,DUSKMOURN BOOSTER BOX
195166258645,DUSKMOURN COLLECTOR BOOSTER
195166262086,MTGFOUNDATIONSBOX
195166269955,Sobre Innistrad Remastered
195166270913,FFPLAYBOOSTER
195166270920,FFPLAYBOOSTERDISPLAY
195166270968,FFCOLLECTORBOOSTER
195166270975,FFCOLLECTORBOOSTERDISPLAY
195166270999,FFCOMMANDERDECK
195166271019,FFCOLLECTORCOMMANDERDECK
195166271057,FFBUNDLE
195166271170,FFSTARTERKIT
195166278629,AETHERDRIFTBOOSTER
195166278636,AETHERDRIFTBOOSTERBOX
195166278742,AETHERDRIFTCOLLECTORBOOSTER
195166278834,Aetherdrift Bundle
195166279145,AETHERDRIFTCOMMANDER
195166281131,TARKIRPLAYBOOSTER
195166281148,TARKIR PLAY BOOSTER DISPLAY
195166281162,TARKIRCOLLECTORBOOSTER
195166281179,TARKIRCOLLECTORBOX
195166281193,TARKIR DRAGONSTORM COMMANDER
195166281513,TARKIRBUNDLE
196214106055,PRISMATICPOUCHEEVEEESP
196214107113,STACK2025ESP
196214108417,BUNDLEJOURNEY
196214108554,ETBJOURNEY
196214108745,KORAIDONSLASHINGLEGENDSTIN
196214108936,KORAIDONSPECIALTIN
196214108974,DRAGAPULTEXDECKESP
196214109179,COLECCIONCHARIZARD
196214109223,CHARIZARDSPECOLL
196214109247,POKCYNTHIAGARCHOMPEXCOLL
196214109315,IONOBELLIBOLTPREMIUM
196214109438,CAJAMEWTWOROCKET
196214110441,BOOSTERRIVALESPREDESTINADOS
196214111332,BLISTERDESTINEDRIVALS
196214111387,BUNDLEDESTINEDRIVALS
196214111523,ETBDESTINEDRIVALS
196214112551,PRISMATICPOUCHEEVEEING
196214112568,POKEMONPRISMATICSUPERPREMCOLL
196214112599,POKBWVICTINICOLLECTIONENG
196214112735,POKBWVICTINICOLLECTIONESP
196214113381,POKLLAMABLANCABOOSTERBUNDLEESP
196214113619,ETBWHITEFLARE
196214113664,ETBBLACKBOLT
196214114043,POSTERNEGROBLANCO
196214114173,MINITINUNOVA
196214114272,MINILATAUNOVA
196214116122,STACK2025ING
196214118355,CARPETEBLANCALLAMA
196214118362,CARPETENEGREBOLT
196214118379,CEELLAMABLANCA
196214118386,CEEFULGORNEGRO
196214118492,POKFULGORNEGROBOOSTERBUNDLEESP
196214118683,POKLLAMABLANCATECHSTICKERESP
196214119031,BOOSTERJOURNEY
196214119154,POKBLACKBOLTTECHSTICKERENG
196214123175,BOOSTERDESTINEDRIVALS
196214124073,POKTEAMROCKETMEWTWOBOXENG
196214124233,BLISTER JOURNEY TOGETHER
196214129214,POSTERBLACKWHITE2
196214129221,POKWHITEFLAREBINDERCOLL
196214129238,POKBLACKBOLTBINDERCOLL2
196214129283,POKWHITEFLAREBOOSTERBUNDLEENG
196214129290,POKBLACKBOLTBOOSTERBUNDLEENG
602561991072,NOTALONE
614143231186,CYTOSIS
614143618215,TOMA6
614143618222,SABOTEUR
614143618246,QUIENFUE
630456203474,CARECACA
634482714218,Heroclix Captian America
644650989577,24H
644650989966,COUPX
652733807281,BAJOLALUNAAZUL
652733920003,ASESINATOENLAMANSIONCTHULU
653981824648,MALALECHECONPLATANO
653981824662,MALALECHEORIGINAL
658325394405,MOJATEELPOTITO
659525155346,DONDELASPAPASQUEMAN
709081046456,QWINTO
709081046494,DOGGYSTYLE
709081046500,TAKENOKO
709081046517,DRAFTOSAURUSEXPSHOWAEREO
709081046524,DRAFTOSAURUSEXPMARINA
709081046548,PISTASCRUZADAS
709081046609,PROTECTORMINIEURO
709081046616,PROTECTORSTANDARDAMERICANOF
709081046623,PROTECTOR EURO FRACTAL
709081046630,PROTECTORSTANDARDFRACTAL
709081046647,PROTECTORES MAGNUM GOLD
709081046661,SILVER&GOLD
712038540518,TERRAFORMINGMARS
712038540570,AFTERTHEVIRUS
724373627588,ROBADISPARAWHISKY
724373627601,FERIADELASPULGAS
724373627687,CROPCIRCLES
724373627717,LINKO
724373627724,ARTEMODERNO
724373627762,MADA
724373627779,DRAGONESDELMAR
724373627793,TOMA6ANIVERSARIO30
724373627809,WIZARD
724373627816,TOMA11
724373627847,NEXTSTATIONLONDON
724373627854,MULTIVERSEMONEY
724373627861,NEBULA
724373627878,THEMINDSOULMATES
724373627885,PELUSAS
724373627892,RANKINGTOP
724373627977,BANDIDA
724373627984,ODIN
724373628004,NEXTSTATIONTOKYO
724373628011,NOPUEDOPARAR
724373628035,TULIO LULOLANAPATANA
724373628042,NEXTSTATIONPARIS
731199030690,BLOCKITS
731299197453,MALALECHECONMARIHUANA
731299197491,JUICIOFINAL
731299197507,CUENTERO
731299197514,ECOLADRILLO
745853215538,TARTAPIES
745853215552,LLAMAGEDON
745853215569,DADOSPATOMAR
745853627133,MISIONCHUNGUNGO
745853627140,SIEMPREDEWN
745853627171,VILLAPANDA
781159421242,ILLUSION
781159750304,DRAFTOSAURUS
781718780513,LLAMA
781718780520,SABOTEUR2
781718780544,LOSODIOSOS7
788115803708,ANDAALAVAR
793588575205,POLYNESIA
793969563920,SALSACIAVSCONSERVIA
799192150906,DONDELASPAPASAPAPALIPSIS
799192150913,GUACAMOLE
799192150920,RINRINRAJA
799192150982,BARAJASPL
803979090719,MATANGA
810059781122,SOBRES SUELTOS OP6
810059785069,SOBRES SUELTOS OP7
810083040172,THROWTHROBURRITO
810083040356,EXPLODINGKITTENS
810083040530,EXPLODINGKITTENSNSFW
810083040738,EXPLODINGKITTENSPARTY
810083040882,IMPLODINGKITTENS
810083041070,EXPLODINGSTREAKING
810083041223,BARKINGKITTENS
810083042053,EXPLODINGKITTENSRECETAS
810083042381,Puzzle1000PiezasPugWithaPearl
810083042565,THROWTHROWAVOCADO
810083043708,EXPLODINGKITTENSZOMBIE
810083043838,HANDTOHANDWOMBAT
810083043968,HAPPYSALMON
810083044439,BLOCKBURRITO
810083044699,EXPLODINGKITTENSBIENCONTRAMAL
810083044828,BIBLIOTECARIOSGRITONES
810083046037,POWERHUNGRYPETS
810083047300,ZOMBIEBURRITO
810083047454,EXPLODINGKITTENSCATCHCORE
810083047829,EXPLOKITTENSCATCHPACKDANZAMINI
810083048291,PORQUEERESASI
820650412714,DELUXE BATTLE DECK KORAIDON
820650413124,SOBRES SUELTOS SURGING SPARKS
820650504655,ACADEMIACOMBATE2024
820650858284,BLISTER 2 SOBRES CHECKLANE
820650858727,BLISTER 2 SOBRES
820650859526,ETBSURGING
824968117736,AVTALTRENEXPASIA
824968201305,AVTALTRENEXPPOLONIA
824968201329,AVTALTRENEXPJAPONITALIA
824968208274,AVTALTRENPRIMERVIAJE
824968208335,AVTALTRENEUROPA15TH
824968208601,AVTALTRENNUEVAYORK
824968208649,AVTALTRENSANFRANCISCO
824968224618,AVTALTRENLONDRES
824968717110,AVENTUREROSALTREN
824968717127,AVENTUREROSALTRENEUROPA
824968720820,AVTALTRENVUELTAALMUNDO
824968817766,AVTALTRENEXPPAISESBAJOS
824968817773,AVTALTRENEXPREINOUNIDO
824968999165,AVTALTREN20ANIVERSARIODELUXETR
824968999172,DELUXETRAINCARSGREEN
832665000473,ENSERIO
841333122249,TWILIGHT OF THE REPUBLIC TWO P
841333126438,WORDTRAVELER
841333127985,RIO DE ORO
841333128159,TWILIGHTOFTHEREPUBLICBOOST_ESP
841333129422,ANILLOJUEGODEBAZAS
841333130121,JUMPTOLIGHTSPEEDPRERELEASEESP
859364006490,JOKINGHAZARD
3421271300823,QUIXO
3421271317418,SQUADRO
3421271322115,SQUADROMINI
3421271373117,QAWALE
3421271897811,LINEIT
3421273323219,QUARTO
3421278324419,QUORIDORPACMAN
3558380006763,DOBBLE
3558380023777,SUSHIDICE
3558380024255,DOBBLE NFANTIL
3558380029991,THEISLANDAMPLIACION
3558380030751,MYSTERIUM
3558380038092,DOBBLENUMERO
3558380041115,DIXITEXPQUEST
3558380043515,TELESTRATIONSBASE
3558380055167,TIMESTORIESTRANSPARENTSET
3558380063902,JAIPUR
3558380063995,GLOOMHAVEN
3558380067429,DOBBLEHP
3558380067603,MYSTERIUMHIDDENSIGNS
3558380071969,HOMBRESLOBODECASTONEGRO
3558380076186,TRANVIAMORTAL
3558380076414,DREAMCATCHERS
3558380076780,ENUNAESCALADE1AT-REX
3558380077244,STORYCUBESACCIONES
3558380078128,DOBBLEBLISTER
3558380078388,JUNGLESPEED
3558380078517,TIMELINECHILE
3558380079897,UNSTABLEUNICORNS
3558380080787,SPLENDORMARVEL
3558380083535,DIXIT
3558380085935,PATCHWORK
3558380086031,DIXITEXPMIRRORS
3558380086048,DIXITEXPANNIVERSARY
3558380086055,DIXITEXPHARMONIES
3558380086062,DIXITEXPREVELATIONS
3558380086079,DIXITEXPMEMORIES
3558380086093,DIXITEXPORIGINS
3558380086109,DIXITEXPJOURNEY
3558380086499,DOBBLEPAWPATROL
3558380088417,STELLA
3558380089391,UNLOCKKIDS
3558380090793,ASAMBLEADELMAL
3558380092551,UNSTABLEUNICORNSDELEYENDA
3558380092568,UNSTABLEUNICORNSDRAGONES
3558380092575,UNSTABLEUNICORNSAPOCALIPSIS
3558380093381,HAPPYLITTLEDINOSAURS
3558380093541,BOLSADEPAPITAS
3558380094036,PATCHWORKANDINA
3558380096924,UNSTABLEUNICORNSNSFW
3558380099369,CORTEXHP
3558380100119,HAPPYLITTLEDINOSAURSPUBERTAD
3558380100140,HAPPYLITTLEDINOSAURS5-6
3558380100263,SPLENDORDUEL
3558380100553,MYSTERIUMKIDSTESOROCAPITANBU
3558380104216,TELESTRATIONSAFTERDARK
3558380107378,DIXITDISNEY
3558380107965,TIMELINETWIST
3558380108115,DOBBLECONECT
3558380109037,UNSTABLEUNICORNSNIÑOS
3558380109068,UNSTABLEUNICORNSPESADILLA
3558380109082,UNSTABLEUNICORNSNAVIDAD
3558380109877,HAPPYLITTLEDINOSAURSCITAS
3558380111016,CORTEXDISNEY
3558380111344,UNLOCKMINIRECETASANTAĂ‘O
3558380111528,LLAMADADECTHULHU
3558380113829,COFFEERUSH
3558380116660,HARMONIES
3558380117025,TIMELINETWISTSTARWARS
3558380118541,HAPPYLITTLEDINOSAURSPVISTA
3558380119784,SPLENDOR
3558380119814,ABALONEGO
3558380119883,DOMINIOELEMENTOS
3558380120179,SURVIVETHEISLAND
3558380120230,DIXITODYSSEY
3558380120773,DOBBLE31MINUTOS
3558380122029,ELTEATRODELASSOMBRAS
3558380122111,UNLOCKSUPERNATURALADV
3558380122227,DOBBLEDISNEY
3558380122272,UNLOCKMINIBIRMINGHAM
3558380122289,UNLOCKMINISCHRODINGER
3558380122296,UNLOCKMINIMASCARAROJA
3558380122616,CHROMINOSMALLBOX
3558380123705,TIMELINEWISTPOPCULTURE
3558380123996,DOBBLELILOSTITCH
3558380126423,SURVIVETHEISLANDMONSTEREXP
3558380126546,AZUL DUEL
3558380127413,HAPPYMOCHI
3558380128335,DOBBLEDINOSAURS
3558380130970,DOBBLEBLUEY
3664824001093,TACOGATOCABRAQUESOPIZZA
3664824001291,DREUREKA
3664824001345,VOLTO
3664824001406,TACOGORROTORTACAJAPIZZA
3664824001437,KINGDOMINOORIGINS
3664824001574,TACOREVESCABRAQUESOPIZZA
3664824001826,COLORFLUSH
3664824002250,PILOPILO
3664824002366,PUERTOBANANA
3760175514524,THEMIND
3760269592445,1001ISLAS
3770000904086,TACOGATITOPIZZA
3770000904857,PANICMANSION
3770000904918,QUEENDOMINO
3770004936052,CORTEX
3770004936069,CORTEXMORADO
3770004936120,CORTEX2
3770004936137,CORTEXVERDE
3770004936311,CORTEX3
3770011991303,LITTLESECRET
3770011991761,PLAY HIT
4251715403457,GG PAGINAS SUELTAS 9 BOLSILLOS
4251715404393,GGALBUM18NARANJA
4251715404416,GGALBUM18AMARILLO
4251715404652,GGABLUM24ROJO
4251715404676,GGABLUM24VERDE
4251715404690,GGALBUM24AZUL
4251715410097,DECKBOX GAMEGENIC 100+ XL AZUL
4251715410103,DECKBOX GAMEGENIC 100+ XL ROJA
4251715410127,DECKBOX GAMEGENIC 100+ XL BLAN
4251715410141,DECKBOX GAMEGENIC 100+ XL NARA
4251715410158,DECKBOX GAMEGENIC 100+ XL AMAR
4251715415283,THE ACADEMIC 133+XL GREEN/BLAC
4893156034519,KidzRobotixHydrantRobot
5010996268280,FFSTARTERKITESP
5025822234018,BRAINBOXELMUNDO
5025822234025,BRAINBOXANIMALES
5025822234094,BRAINBOXFUTBOL
5025822234100,BRAINBOXIMAGENES
5025822234384,BRAINBOXDINOSAURIOS
5025822234612,BRAINBOXMASCOTAS
5407007460106,CURAOVOLAOWEON
5425016922590,JUSTONE
5425016922668,CONCEPT
5425016922781,CONCEPTKIDS
5425016924129,7 WONDER
5425016924389,TIMESUPFAMILY
5425016924488,7WONDEREXPLEADERS
5425016924501,7WONDERDUEL
5425016924556,7WONDER EXPCITIES
5425016924785,7WONDERARMADA
5425016925034,SOCLOVER
5425016925850,TIMESUPPARTY
5425016926246,FUNFACTS
5425016926628,7WONDEREXPEDIFICE
5425016926819,THENUMBER
5425016928134,SENORRDELOSANILLOSDUELOMEDIA
5430003838143,CAPTAIN FLIP
5704339004627,HINT
5704339005273,HINTPOCKET
5704907946854,VIEJOSGRUNONES
5706569110017,DRAGONSHIELDMATTECLEAR
5706569110024,DRAGONSHIELDMATTEBLACK
5706569110055,DRAGONSHIELDMATTEWHITE
5706569110086,DRAGONSHIELDMATTESILVER
5706569110130,DRAGONSHIELDMATTEORANGEMATTE
5706569110147,DRAGONSHIELDMATTEYELLOW
5706569110185,DRAGONSHIELDMATTEAPPLEGREEN
5706569110215,DRAGON SHIELD MATTE
5706569110260,DRAGONSHIELDMATTEMAGENTA
5706569110369,DRAGONSHIELDMATTEEMERALD
5706569110390,DRAGONSHIELDMATTEPINKDIAMOND
5706569110567,DRAGONSHIELDDUALMATTEFGREEN
5706569150310,DRAGONSHIELDDUALMATTEGLACIER
5706569150419,DRAGONSHIELDDUALMATTEORCHID
5706569150488,DRAGONSHIELDDUALMATTELAGOON
5706569150525,DRAGONSHIELDDUALMATTECRYPT
5706569150532,DRAGONSHIELDDUALMATTEPEACH
5706569150549,DRAGONSHIELDDUALMATTEEMBER
5706569150563,DRAGONSHIELDDUALMATTEWRAITH
5706569150570,DRAGONSHIELDDUALMATTECRIMSON
5706569150594,DRAGONSHIELDMATTEVALOR
5706569150600,DRAGONSHIELDDUALMATTETRUTH
5706569150617,DRAGONSHIELDDUALMATTEJUSTICE
5706569150631,DRAGONSHIELDDUALMATTEPOWER
7290002518020,RUMMIKUBPORTABLE
7427047937367,MALTRAGO
7427254553732,DIOSESJUEGODIVINO
7804673990155,WHATDOYOUMEMEFAMILIAR
7804673990162,CALLATE
7804673990179,WHATDOYOUMEME
7804673990186,HIVEPOCKET
7804673990223,Curao Volao o Weon Expansion
7804673990230,SITERIESTOMAS
7804673990247,MATCHPERRRFECTO
7804673990254,TELESTRATIONS80Y90EXP
7804682800001,RCG
7804682800018,KAWARIMI
7896008948863,TEXASHOLDEM
7908704600089,CATINTHEBOX
8005125216055,Puzzle 2X60 piezas Avengers
8005125216246,Puzzle 2X60 piezas DC Comics S
8005125217168,MixteryPuzzleTesorodelPirata
8005125217175,MixteryPuzzleCiberataque
8005125217274,Puzzle 300 piezas Super Harry
8005125244973,Puzzle 24 piezas Maxi Spider m
8005125248063,Puzzle 2X20 piezas Batweels
8005125248124,Puzzle2x60Batwheels
8005125252336,Puzzle 3X48 piezas Amigos Jung
8005125253159,Puzzle 3X48 piezas Avengers
8005125257225,Puzzle104piezasDCComics_II
8005125257232,Puzzle104piezasDCComics_III
8005125257751,Puzzle 104 piezas Harry Potter
8005125265930,Puzzle 60 piezas BATWHEELS
8005125271740,Puzzle 104 piezas Batman II
8005125271757,Puzzle 104 piezas Batman Fosfo
8005125285228,Puzzle 24 piezas Batwheels
8005125297818,Puzzle 180 piezas Harry Potter
8005125302291,Puzzle Mat
8005125305759,Puzzle 500 piezas Cinquicento
8005125312290,Puzzle 2000 piezas Mapa Antigu
8005125316823,Puzzle 1500 piezas Barco Pirat
8005125316854,Puzzle 1500 piezas Good Times
8005125316939,Puzzle 1500 piezas Nueva York
8005125316960,Puzzle 1500 piezas Zaanse Scha
8005125316984,PUZZLE1500RAFAELTRAN
8005125317103,Puzzle 1500 piezas Parque en O
8005125317127,Puzzle1500piezasNuevaYork_Com
8005125317141,Puzzle 1500 piezas Hallstatt C
8005125317158,PZZL1000LONDONTWICOMPACT
8005125317165,Puzzle1500PiezasNeuschwanstein
8005125317172,PZZL1500ROMACOMPACT
8005125317189,Puzzle 1500 piezas Taj Mahal C
8005125317318,PZZL1500LUPINSTEKAPOCOMPACT
8005125317332,PZZL1500VISTAITALIACOMPACT
8005125317363,PZZL1500HARRYPERSCOMPACT
8005125317387,PZZL1500MUSEOTORBABELCOMPACT
8005125317394,PZZL1500MUSEOTRANSFCOMPACT
8005125317455,PZZL1500HARRYPOTTERCOMPACT
8005125318148,Puzzle 1500 piezas Dubai Marin
8005125318193,Puzzle 1500 piezas Roma
8005125319992,Puzzle 1500 piezas Montmartre
8005125320820,Puzzle 2000 piezas Vista Aerea
8005125325443,Puzzle 2000 piezas Manhattan N
8005125325597,PUZZLE2000NEUSCHWASTE
8005125325733,Puzzle 2000 piezas Paraiso en
8005125325740,Puzzle 2000 piezas Arrollo Oto
8005125330232,Puzzle 3000 piezas Batalla sub
8005125335312,Puzzle 3000 piezas Mapa Antigu
8005125335466,Puzzle 3000 piezas Nueva York
8005125335473,Puzzle 3000 piezas San Francis
8005125335527,Puzzle 3000 piezas Atardecer e
8005125335534,Puzzle 3000 piezas Terraza con
8005125350148,Puzzle 500 piezas Paseo Romant
8005125350469,Puzzle500TigredeBengala
8005125355334,Puzzle 500 piezas Cheshire Cat
8005125355389,Puzzle 500 piezas Lago Braies
8005125355419,Puzzle 500 piezas Jaguar
8005125355440,Puzzle 500 piezas Strasbourg O
8005125355884,PZZL500ANFITEATROCOMPACT
8005125355983,PZZL500TORREIFFELCOMPACT
8005125365289,Puzzle 6000 piezas Las Vegas
8005125365296,Puzzle 6000 piezas DownTown
8005125365319,Puzzle 6000 piezas Lago Alpino
8005125370474,PZZL1000HARRYHOGWARTCOMPACT
8005125370603,PZZL1000DISNEYPESADILLACOMPACT
8005125370696,PZZL1000CHARLIEBROWNCOMPACT
8005125370719,PZZL1000MIMMODADISEÑOCOMPACT
8005125370726,PZZL1000MIMVIAJESCOMPACT
8005125370733,PZZL1000MIMANIMALBOTANICOMPACT
8005125370740,PZZL1000MIMLIBROSCOMPACT
8005125370948,PZZL1000MUSEOMONALISACOMPACT
8005125370955,PZZL1000MUSEOESTRELLADACOMPACT
8005125392575,PuzzleCapri
8005125393770,PuzzleMunchElGrito2
8005125393817,PuzzleDubai
8005125394159,PuzzleAmericoVespucio
8005125394166,PuzzleElefante
8005125394210,PuzzleMundoEnsueno
8005125394234,Puzzle 1000 piezas Viaje
8005125394340,PuzzlePanoramaNewYork
8005125394531,Puzzle 1000 piezas Volcan Etna
8005125394821,PuzzleFloresParis
8005125394845,PuzzlePanoramaElefante
8005125394852,PuzzlePanoramaLondres
8005125395118,PuzzleCharlieBrown
8005125395354,PuzzleMordilloLaCura
8005125395743,PuzzlePanorama Batman
8005125395750,PuzzleBatmanImposible
8005125395767,PuzzleBatmanpiedra
8005125396030,PuzzleBibliodame
8005125396054,PuzzleCasasenSanFco
8005125396160,Puzzle 1000 piezas Van Gogh Sa
8005125396283,PUZZLE1000MAFALDAGLOBO
8005125396474,PuzzleManarola
8005125396610,PuzzleManetBarFolieBergere
8005125397037,Puzzle 1000 piezas Torre Eiffe
8005125397044,Puzzle 1000 piezas Vista Nueva
8005125397075,PuzzleLaGranOla
8005125397082,PuzzleLeonardoGiocconda
8005125397105,PuzzleHarryPotterEnemigos
8005125397556,PuzzleKeithHaringIII
8005125397617,PuzzleCafeAjenjo
8005125397624,PuzzleGauguinMujeresTaiti
8005125397679,Puzzle 1000 piezas Virgen de l
8005125397686,Puzzle 1000 piezas Spider Man
8005125397709,PZZL1000MACHUPICCHUCOMPACT
8005125397723,Puzzle 1000 piezas Puente Lond
8005125397747,Puzzle 1000 piezas Venecia Com
8005125397754,PuzzleIslasLofotenCompact
8005125397860,PZZL1000HARRYIMPOSIBLECOMPACT
8005125397884,PuzzleHarryPotter2022
8005125397907,PZZL1000MUSEOBESOCOMPACT
8005125397914,PuzzleMunchElGrito
8005125397921,Puzzle 1000 pcs Canaletto
8005125397938,PZZL1000STITCHDISNEYCOMPACT
8005125397990,PZZL1000PATODONALDCOMPACT
8005125398034,PZZL1000SNOOPYPASTELCOMPACT
8005125398041,PZZL1000SNOOPYCOMPACT
8005125398102,PuzzlePeliculasClasicasDisney
8005125398119,PuzzleAniversarioMickeyCompact
8005125398126,Puzzle 1000 piezas Villanos Di
8005125398287,PuzzleFaroNuevo
8005125398423,PZZL1000PSTLMILANCOMPACT
8005125398430,PZZL1000PSTLPARISCOMPACT
8005125398447,PZZL1000PSTLLONDRESCOMPACT
8005125398454,PZZL1000PSTLBERLINCOMPACT
8005125398461,PZZL1000PSTLVENECICOMPACT
8005125398478,PZZL1000PSTLBARCNACOMPACT
8005125398553,PuzzleHPcompactHarrymaestros
8005125398577,PuzzleMarvelImposible
8005125398621,PZZL1000HARRYELEMENTOSCOMPACT
8005125398713,PuzzlePanoramaDisneyMickey
8005125398720,PuzzlePanoramaDisneyVillanos
8005125398737,PZZL1000PNRMHARRYPERSCOMPACT
8005125398744,PZZL1000PNRMHARRYCOMPACT
8005125398768,PuzzlePanoramaJoysCompact
8005125398799,PZZL1000VENOMCOMPACT
8005125399093,Puzzle 1500 piezas Neuschwaste
8005125399109,PuzzleFujiGardenCompact
8005125399123,Puzzle 1000 piezas Santorini C
8005125399130,PuzzleManarolaCompact
8005125399154,PuzzleMarvelAvengers
8005125399178,PuzzleClasicosDisney
8005125399314,PZZL1000PARAISOVERANOCOMPACT
8005125399383,PZZL1000DOMINGOPLAYACOMPACT
8005125399390,PZZL1000RIOKOICOMPACT
8005125399543,PZZL1000PARKGUELLCOMPACT
8005125399659,PZZL1000MUSEOULTIMACENACOMPACT
8005125399666,PZZL1000MUSEOGIRASOLESCOMPACT
8005125399673,PZZL1000MUSEOPERLACOMPACT
8005125399680,PZZL1000MUSEOSALAARLESCOMPACT
8005125399697,PZZL1000MUSEOCAFETERCOMPACT
8005125399703,PZZL1000MUSEOFLORESCOMPACT
8005125399727,PZZL1000MUSEOREBELIONCOMPACT
8005125399734,PZZL1000MUSEOLIBERTADCOMPACT
8005125399765,PZZL1000MUSEOVIRGENCOMPACT
8005125399826,PZZL1000CASTHIMEJICOMPACT
8005125399833,PZZL1000CALLESPARISCOMPACT
8005125399840,PZZL1000CASCADASTHAICOMPACT
8005125399857,PZZL1000ATDRROMACOMPACT
8005125399888,PZZL1000GLOBOSCAPPCOMPACT
8005125399895,PZZL1000BAHIAALGARVECOMPACT
8005125399901,PZZL1000CARNAVVENECICOMPACT
8005125550319,DinoTriceratopsFluorescente
8005125550340,DinoSmilodonFluorescente
8005125550548,DinosaurioTRexTriceratops
8005125553525,DinoVelocirraptorFluorescente
8005125553549,CienciaPlanetaTierra
8005125554188,CienciaBolasLocasDeporte
8005125554379,ArmableAvionesHelicoptero
8005125554577,CienciaAsteroidesdelEspacio
8005125554904,ArmableBuggyQuad
8005125618859,Puzzle104piezasHarryPotter_HOG
8425402271438,VIRUSEXPEVOLUCION
8425402271452,VIRUSDECKBOX
8425402835630,DELICATS
8425402835647,DESPISTADOSENLAGRANJA
8425402835654,REDPANDA
8425402874806,ILULIAQ
8425402885826,VIRUSHALLOWEEN2DA
8425402888766,REMOLACHA
8435407600478,BANG
8435407600515,ELDRITCHHORROR
8435407609846,POTIONEXPLOSION
8435407610705,MANSIONESDELALOCURA
8435407614437,POTIONEXPLOSIONQUINTOINGT
8435407619302,RAXXON
8435407619593,AZUL
8435407620001,PANDEMIC
8435407621466,SUPERMUNCHKIN
8435407622913,ARKHAMHORROR
8435407625228,GENIOSVICTORIANOS
8435407627406,LOVELETTERBLISTER
8435407628373,MARVELCHAMPIONS
8435407628755,PREGUNTASDEMIERDA
8435407630123,PANDEMICLACURA
8435407630468,PANDEMICLEGACYTEMP0
8435407630642,HANABI
8435407630819,ARKHAMHORRORMAREASTENEBROSAS
8435407631854,CRYO
8435407631939,IMAGINEFAMILY
8435407632868,NIGHTOFTHELIVINGDEAD
8435407633568,ZOMBICIDE2daEDICION
8435407635265,BRAINBOXHP
8435407635913,PRADERA
8435407636255,PATCHWORKHALLOWEEN
8435407636682,ARKHAMHORRORLCG
8435407639065,BANANAGRAMS
8435407639119,AZULJARDINDELAREINA
8435407639577,CIUDADELAS
8435407639584,MUNCHKIN
8435407639652,MUNCHKIN8CENTAUROS
8435407640986,AZULMASTERCHOCOLATIER
8435407641280,EVERGREEN
8435407641884,FORESTSHUFFLE
8435407642560,PATCHWORK10ANIVERSARIO
8435407650466,FLOWERFIELDS
8435450219054,NOVALUNA
8435450219238,MICROMACRO
8435450249785,PELOPATAPOPO
8435497630482,HANABIQUEESPECTACULO
8436017220018,LABERINTOMAGICO
8436017220056,CATANEXPNAVEGANTES
8436017220063,CATANAMP5-6
8436017220100,CATANBASE
8436017220124,CATANEXPCIUDADESCABALLEROS
8436017220131,CATANEXPMERCADERESBARBAROS
8436017220285,LAISLAPROHIBIDA
8436017220520,CATANAMPCIUDADESCABALLEROS
8436017220568,CATANJUEGODECARTAS
8436017220681,FANTASMABLITZ
8436017220780,TWILIGHTSTRUGGLE
8436017220797,GUERRADELANILLO
8436017221015,LASLEYENDASDEANDOR
8436017221107,FANTASMABLITZ2
8436017221138,POLILLATRAMPOSA
8436017221206,TUAREG
8436017221275,LAESCALERAENCANTADA
8436017221411,SENDEROSDEGLORIA
8436017221619,SOMBRASSOBRELONDRES
8436017221817,CATANAMPPIRATASEXPLORADORES
8436017221855,SUSHIGO
8436017222531,ALQUIMISTAS
8436017222579,CATANEDICIONVIAJE
8436017222593,CARCASSONNE
8436017222746,STONEAGE
8436017222944,SET
8436017223354,CODIGOSECRETO
8436017223422,KINGOFNEWYORK
8436017223880,SUSHIGOPARTY
8436017223897,KINGOFTOKIO
8436017224627,CODIGOSECRETOIMAGENES
8436017224900,CARCASSONNEPOSADASCATEDRALES
8436017224917,CARCASSONNECONSTRUCTORES
8436017225099,EXITLACABAÑAABANDONADA
8436017225204,EXITLABORATORIOSECRETO
8436017225242,EXITLATUMBRADELFARAON
8436017225532,CARCASSONNELAABADIAALCALDE
8436017225549,CARCASSONNELATORRE
8436017225648,LATORREENCANTADA
8436017225693,KINGOFTOKYOHALLOWEEN
8436017225709,COLORETTO
8436017225723,LASLEYENDASANDORESPERANZA
8436017225761,CARCASSONNEBIGBOX
8436017225785,HEROREALMS
8436017226218,BUNNYKINGDOM
8436017226270,CODIGOSECRETODUO
8436017226508,ABEJORROTRAMPOSO
8436017226515,PLENUS
8436017226546,SAGRADA
8436017226720,EXITLAISLAOLVIDADA
8436017226737,EXITLAESTACIONPOLAR
8436017226928,CARCASSONNEMERCADOSPUENTES
8436017226935,CARCASSONNECOLINAS OVEJAS
8436017227048,DOMINION
8436017227062,CATANAMPMERCADERESBARBAROS
8436017227123,EXITELTESOROHUNDIDO
8436017227130,EXITMUERTEENELORIENTXPRES
8436017227239,CATANELDUELO
8436017227246,PEQUEÑOSGRANDESZOMBIS
8436017227307,CATANAUGEDELOSINCAS
8436017228151,UBONGO
8436017228380,PARIS
8436017228717,EXITELMUSEOMISTERIOSO
8436017228731,EXITLAMANSIONSINIESTRA
8436017229851,ADVENTUREGAMESMONOCROMO
8436572390188,HERBALISM
8436572390294,DESAFIODELOSTEMPLOS
8436578819539,EVERDELL
8436589620605,LATRIPULACION
8436589620629,ALHAMBRA
8436589620681,MACEDONIADELETRAS
8436589620704,MARIPOSAS
8436589621046,REDCATHEDRAL
8436589621145,KINGDOM BUILDER
8436589621169,CHECKPOINTCHARLIE
8436589621497,HOLI
8436589621640,SEÑORDELOSANILLOSEDANV
8436589621848,EXITVUELOHACIADESCONOCIDO
8436589621855,EXITROBOENELMISSISIPI
8436589622166,LEYENDASDEANDORJUNIOR
8436589622890,ALCACHOFASNOGRACIAS
8436589622920,MAZESCAPEARIADNE
8436589623163,CHURCHILL
8436589623651,EXITELFAROSOLITARIO
8436589623675,EXITELTEMPLOPERDIDO
8436589623866,CATAN3D
8436589624078,ELSUSURRODELASHOJAS
8436589624610,EXITCEMENTERIODELASTINIEBLAS
8436589624962,SOVIETKITCHEN
8436589625037,TEN
8436589625143,OUCH!
8436589625280,ADVENTUREGAMESLAISLAVOLCANICA
8436589625297,ADVENTUREGAMESGRANHOTELABADDON
8436589625310,GUERRADELANILLODESTINODEEREBOR
8436589625648,PEQUEÑOSGRANDESMAZM
8436589625693,VEGGIES
8436589625723,WALKIETALKIE
8436589626355,IMPERUIMLEGENDARIOS
8436589626621,REGINE
8436589626652,MAZESCAPEXP
8436589626676,MAZESCAPEKID
8436589626737,GUERRA DEL ANILLO JUEGO DE CAR
8436589626805,BAMBOO
8436589627000,GETONBOARDNY&LONDON
8436589627048,CABRITOS
8436589627079,CATANELDUELOEXPNAVEG
8436589627161,EXITELLABERINTOMALDITO
8436589627284,REGICIDEv2
8436589627604,WINTER
8436589627635,AUTUMN
8436589627857,EXITELSEĂ‘ORDELOSANILLOS
8436589628663,CARCASSONNELASAPUESTAS
8436589628922,KINGOFMONSTERISLAND
8436589629219,EXITLACABAĂ‘AABANDONADA2
8436589629875,SEÑORDELOSANILLOSBATTIERAMED
8436607940265,COMETAS HORA DE VOLAR
8436607940289,FLASH10
8436607940418,SKULLKING
8436607940463,COME NACHOS
8436607940487,LASLEYENDASANDORFRIOETERNO
8436607940548,SAMOA
8436607940593,WHITECASTLE
8436607940616,3RINGCIRCUS
8436607940746,PEQUEĂ‘ASGRANDESMAZEXPHAZAĂ‘AS
8436607941330,GENIAL
8436607941378,ESCAPE
8436607941477,GETONBOARDPARISROMA
8436607941934,CATANPLUS
8436607941996,UNDIAENLASCARRERAS
8436607942016,EXITKIDS
8436607942054,EXITSHERLOCKHOLMES
8436607942382,THELIE
8436607942610,SALTONSEA
8436607942726,DIPLOMACY
8436607942832,PEQUENOSGRANDESCRIM
8436607943204,PEQUENOSSGRANDESGALAX
8436607943402,CATANELDUELOVIAJEROESTRELLA
8436607943464,EXITSECUESTROFORTUNECITY
8436607943488,EXITELLEGADODELPROFESOR
8436607943570,PLANTANUBO
8436607943716,BEACONPATROL
8436607943730,ALICEHADESAPARECIDOEXP
8436607943921,CITIES
8436607943969,MATCH
8436607943990,DAITOSHI
8436607944010,HILO
8436607944096,SUSHIGOGIRACOMEDIMSUM
8436607944256,SELVAPROHIBIDA
8436607944423,TRIO
8436607944522,CATANENERGIAS
8436607945345,KINGOFTOKYODUEL
8436607945376,PRIMEROVINIERON
8436607945550,POQUERDEBICHOS
8436607945642,METRO
8437016497159,POCKETMARS
8437016497401,MAGICMAZEKIDS
8437016497432,MAGICMAZEROLESOCULTOS
8437022321240,CORAL
9352801000828,CajaViajesAventuraEspacial
9352801000859,CajaViajesBombero
9352801000866,CajaViajesPolicia
9352801000873,CajaViajesProfesionalSalud
9352801000880,CajaViajesProfesor
9352801001139,CajaViajesAviones
9352801001146,CajaViajesCamiones
9352801001153,CajaViajesTrenes
9352801001160,CajaViajesAutos
9352801001344,boxmagneticoaprenderacontar
9352801001405,boxmagneticoaprenderformas
9352801001511,ArtemagneticovehĂ­culos
9352801001535,Artemagneticomundoanimal
9352801001566,Artemagneticodinosaurios
9352801001580,Puzzle Eco 3D Tiranosaurio Rex
9352801001603,Puzzle Eco 3D Stegosaurio
9352801001665,Artemagneticofashion
9352801001696,CajaViajesUnicornios
9352801001702,CajaViajesSirenas
9352801001719,CajaViajesAnimalesMusicales
9352801001726,CajaViajesCuentoHadas
9352801003256,Sudoku Magnetico Principiante
9352801003263,Sudoku Magnetico Avanzado
9352801003331,Tangram Magnetico Principiante
9352801004208,Puzzle Eco 3D TiburĂłn Blanco
9352801004321,MaletinMagneticoSistemaSolar
9352801004345,MaletinMagneticoT-Rex
9352801005113,JuegodeDardosDinosaurios
9788415889823,STEAMSTATES
9788460659662,VIRUS
84365896210461,JUGUEMOSCERCAINVIERNO
8 005125 248124,Puzzle 2X60 piezas BATWHEELS
,BOOSTERPRISMATIC
,31 Minutos Feria de las Pulgas
,7WONDEREXPDUELAGORA
,ABALONE
,ACADEMIA DE COMBATE 2024
,ALICAHADESAPARECIDO
,ANIMIX
,ARENASMOVEDIZAS
,ARKHAMHORROR3RA
,ASSASSINSCREEDCOLLECTORBOO
,AVALONLARESISTENCIA
,AVTALTRENEXPCORAZONDEAFRICA
,AVTALTRENEXPINDIASUIZA
,AVTSALTRENEXPEUROPA1912
,AZULPABELLONDEVERANO
,AZULVITRALESDESINTRA
,BANDIDO
,BANG EL JUEGO
,BANGELJUEGOEXP
,BICYCLE CREATIVES ARCH ANGELS
,BICYCLE CREATIVES MOSAIQUE
,BICYCLE CREATIVES STARGAZER NE
,BICYCLE FYREBIRD
,BICYCLE SEA KING
,BICYCLEMETALLUXEBLUE
,BIENVENIDOALAMAZMORRA
,BIENVENIDODENUEVOALAMAZMORRA
,BLISTER PALDEA ESP
,BLISTER SURGING SPRAKS
,BLISTERAVENTURASCOMPARTIDASESP
,BLOODBORNEJUEGODECARTAS
,BLOODBORNEJUEGODETABLERO
,BLOOMBURROW BOOSTER BOX
,BLOOMBURROW BUNDLE
,BLOOMBURROW COLLECTOR BOOSTER
,BLOOMBURROW COMMANDER DECK
,BLOOMBURROW PLAY BOOSTER
,BOHNANZA
,BRAINBOXERASEUNAVEZ
,BRIX
,BURRITOBATTLEPACK
,CACAO
,Caja Sorpresa Prismatic
,CajaViajesArtistas
,CARCASSONEECAZADORCOLECTOR
,CARCASSONNEECAZADORCOLECTOR
,CARCASSONNENIEBLA
,CARCASSONNEPRINCESADRAGON
,CARPETA 2 BOLSILLOS PRO BINDER
,CARPETA 4 BOLSILLOS ULTRA PRO
,CARPETA 9 BOLSILLOS ECLIPSE BL
,CARPETA 9 BOLSILLOS ECLIPSE NE
,CARPETA 9 BOLSILLOS ECLIPSE VE
,CARPETA 9 BOLSILLOS GG AZUL
,CARPETA 9 BOLSILLOS GG BLANCA
,CARPETA 9 BOLSILLOS GG NEGRO
,CARPETA 9 BOLSILLOS GG VERDE
,CARPETA 9 BOLSILOS PIKACHU
,CARPETA BCW AZUL
,CARPETA BCW BLANCA
,CARPETA BCW ROJA
,CARPETA BCW VERDE
,CARPETA4BOLSILLOSULTRAPRO_BL
,CARPETA4BOLSILLOSULTRAPRO_NG
,CATANEDICIONEXTRA
,COATL
,COLLECTOR CHEST FALL 2024
,COLT EXPRESS
,CORTEXPLUS
,CORTEXSUPERCORTEX
,CPG MAZO TEZAS HOLDEM
,DECKBOX GAMEGENIC 100+ XL MORA
,DECKBOX GAMEGENIC 100+ XL NEGR
,DECKBOX GAMEGENIC 100+ XL VERD
,DELICATS
,DELUXE BATTLE DECK MIRAIDON
,DESTINEDRIVALSPRERELEASE
,DIXITEXPDAYDREAMS
,DIXITSTELLA
,DOBBLEDINOSAURSECOSLEEVE
,DOBBLEMARVEL
,DOBBLEPIXAR
,DOBBLEPRINCESAS
,DOBBLEWATERPROOF
,DONDE LAS PAPAS QUEMAN
,DOODLERUSH
,DRAGAPULT
,DRAGON SHIELD DUAL MATTE
,DRAGON SHIELD PERFECT FIT
,DRAGON SHIELD PERFECT FIT RESE
,DRAGONSHIELDPERFECTFITRESE_SMK
,DUSKMOURN COMMANDER DECK
,ETB PALDEA EVOLVED ESP
,ETB PRISMATIC EVOLUTIONS ESP
,ETB SHROUDED FABLE
,ETB STELLAR CROWN
,ETB SURGING SPARKS
,ETB TWILIGHT MASQUERADE ING
,EXITELCASTILLOPROHIBIDO
,EXITLACASADELOSENIGMAS
,EXITLAFERIATERRORIFICA
,EXITLAPUERTAENTRELOSMUNDOS
,EXPLODINGKITTENSPARA2
,EXPLOKITTENSCATCHPACKDJMIAU
,EXPLOKITTENSCATCHPACKGATODONU
,EXPLOKITTENSCATCHPACKGATOMICHI
,FANTASMABLITZMINI
,FORGOTTEN REALMS THEME BOOSTER
,FOUNDATIONS BEGGINER BOX
,FOUNDATIONS BUNDLE
,FOUNDATIONS COLLECTOR BOOSTER
,FOUNDATIONS PLAY BOOSTER
,FOUNDATIONS STARTER COLLECTION
,Funda ETB
,GETONBOARDNEWYORKLONDON
,GG JUST SLEEVES INNER SLEEVES
,GRUADEPELUCHES
,GUATAFACELAFTER
,HERETOSLAY
,HERETOSLAYEXPBARBAROS
,IMAGINE
,IMPERIUMCLASICOS
,IMPROVISADO
,IONO COLLECTION ING
,IRON VALIANT EX BOX ING
,JuegodeDardosUnicornios
,KAMIGAWA THEME BOOSTER
,KATAMINO
,KATAMINOPOCKET
,KINGOFTOKYOMONSTERBOX
,KIT DE INICIO BLOOMBURROW
,KIT PRERELEASE STELLAR CROWN
,KIT PRERELEASE SURGING SPARKS
,KIT PRERELEASE TEMPORAL FORCES
,KIT PRERELEASE TWILIGHT MASQUE
,KNISTER
,LARESISTENCIA
,LASLEYENDASANDORESPERANZA
,LEAGUE BATTLE DECK CHARIZARD E
,LEAGUE BATTLE DECK CHARIZARD I
,LEAGUE BATTLE DECK GARDEVOIR
,LLAMADADECTHULU
,MAGICMAZE
,MALALECHECONAJI
,MaletinMagneticoFormas
,MaletínMagneticoStegosaurio
,MaletínMagneticoTriceratops
,MANSIONESDELALOCURASETDADOS
,MAZESCAPELABERINTO
,Mazo Eternal Might Aetherdrift
,MISION CHUNGUNO
,MIXMO
,MODERN HORIZONS 3 BUNDLE
,MODERN HORIZONS 3 COLLECTOR BO
,MODERN HORIZONS 3 COMMANDER DE
,MONSTERCHEF
,MTGEOEBUNDLE
,MTGEOECOLLECTOR
,MTGEOECOLLECTORBOOSTER
,MTGEOECOMMADNER
,MTGEOECOMMANDERDECK
,MTGEOEPLAYBOOSTER
,MTGEOEPLAYBOOSTERBOX
,MTGEOEPLAYBOOSTERDISPLAY
,MUNCHKIN9JURASICO
,MYSTERIUMPARK
,OP6 BOOSTER BOX
,OP7 BOOSTER BOX
,PALDEA ADVENTURE CHEST ESP
,PALDEAN FATES BOOSTER BUNDLE
,PALDEAN FATES PREMIUM COLLECTI
,PALDEAN FATES TIN ING
,PALDEANFATESPREMIUMCOLLEC_IN
,PANICMANSION
,PELUSA
,PEQUEÑASGRANDESGALAXIAS
,PEQUEÑASGRANDESGALBEYONDBLACK
,PEQUEÑOSGRANDESGALAX
,PEQUEÑOSGrdCRIMENES
,PESCADORES
,PIKIT
,PKMNBOOSTERDESTINEDRIVALS
,POKBOOSTERBLACKWHITE
,POKEBALL TIN
,PORTAMAZO PIKACHU
,PRISMATIC EVOLUTIONS BINDER CO
,PRISMATIC EVOLUTIONS POSTER CO
,PRISMATIC EVOLUTIONS TECH STIC
,PRISMATICEVOLUTIONSPOSTER_ING
,PRISMATICEVOLUTIONSTECHSTIC_IN
,PROTECTOR CARTAS MINI TAMAÑO E
,PROTECTOR ECLIPSE MATTE SKY AZ
,PROTECTOR ECLIPSE VERDE
,PROTECTOR MINI EURO FRACTAL
,PROTECTOR STANDARD AMERICANO F
,PROTECTOR STANDARD CARD FRACTA
,PROTECTORES MINI EURO ULTRAPRO
,PROTECTORES PIKACHU 65 UNIDADE
,PROTECTORES PRO-MATTE STD BLAN
,PROTECTORES STANDARD CARD ULTR
,Puzzle 1000 piezas Postal Mila
,Puzzle 1000 piezas Postal Pari
,Puzzle 1000 piezas Puesta de s
,Puzzle 1000 piezas Roma Colise
,Puzzle 1000 piezas San Francis
,Puzzle 1000 piezas Seurat Domi
,Puzzle 1000 piezas Snoopy Impo
,Puzzle 1000 piezas Snoopy Pean
,Puzzle 1000 piezas Stitch Disn
,Puzzle 1000 piezas Van Gogh Ca
,Puzzle 1000 piezas Van Gogh No
,Puzzle 1000 piezas Van Gogh Te
,Puzzle 1000 piezas Vermeer
,Puzzle 1000 piezas Ye Old Shop
,Puzzle 104 piezas Avengers
,Puzzle 104 piezas DC Comics La
,Puzzle 104 piezas Maxi 2 Froze
,Puzzle 104 piezas Maxi Avenger
,Puzzle 104 Piezas Maxi Cars
,Puzzle 104 piezas Princesas
,Puzzle 104 Piezas Princesas Di
,Puzzle 104 piezas Tierra de Di
,Puzzle 104 piezas Unicornios B
,Puzzle 104 piezas Yo Creo en U
,Puzzle 1500 piezas Bruegel Tor
,Puzzle 1500 piezas Capri
,Puzzle 1500 piezas Harry Potte
,Puzzle 1500 piezas London Twil
,Puzzle 1500 piezas Rafael Tran
,Puzzle 1500 piezas Taj Mahal
,Puzzle 1500 piezas The Hive Ho
,Puzzle 1500 piezas Venecia Com
,Puzzle 180 piezas Avengers
,Puzzle 180 piezas Batman
,Puzzle 180 piezas Guardianes d
,Puzzle 180 piezas Super Cachor
,Puzzle 180 piezas Super Dinosa
,Puzzle 20 A 180 piezas Vida Sa
,Puzzle 2000 piezas Garden Shel
,Puzzle 2000 piezas Jardin
,Puzzle 2000 piezas Jardin de U
,Puzzle 2000 piezas Jungla Paci
,Puzzle 2000 piezas Las Vegas
,Puzzle 2000 piezas Neuschwaste
,Puzzle 2000 piezas Paris
,Puzzle 2000 piezas Teniers. El
,Puzzle 2000 piezas Tower Bridg
,Puzzle 2000 piezas Valle y los
,Puzzle 2000 piezas Vida en la
,Puzzle 2000 piezas Vista China
,Puzzle 2X20 piezas Cars Disney
,Puzzle 2x20 piezas Dinos Diver
,Puzzle 2X20 piezas Frozen 2
,Puzzle 2X20 piezas Princesas
,Puzzle 2X20 piezas Stitch
,Puzzle 2X20 piezas Unicornios
,Puzzle 2X60 piezas Frozen 2
,Puzzle 2X60 piezas Princesas
,Puzzle 2X60 piezas Rey Leon
,Puzzle 2X60 piezas Spider Man
,Puzzle 30 piezas Frozen 2
,Puzzle 30 piezas Princesas Dis
,Puzzle 30 piezas Spider Man
,Puzzle 300 piezas Supe Avenger
,Puzzle 3000 piezas Coliseo
,Puzzle 3000 piezas Los Alpes
,Puzzle 3000 piezas Sueño de Pa
,Puzzle 3D T-REX
,Puzzle 3x1000 piezas Harry Pot
,Puzzle 3X48 piezas BATWHEELS
,Puzzle 3X48 piezas Clasicos Di
,Puzzle 3X48 piezas Dinosaurios
,Puzzle 3X48 piezas Frozen
,Puzzle 3X48 piezas Liga de la
,Puzzle 3X48 piezas Spider Man
,Puzzle 3X48 piezas Unicornios
,Puzzle 500 piezas Amanecer Ven
,Puzzle 500 piezas Bailando con
,Puzzle 500 piezas Charlie Brow
,Puzzle 500 piezas Harry Potter
,Puzzle 500 piezas Mafalda Colu
,Puzzle 500 piezas Mafalda Escu
,Puzzle 500 piezas Mariposas
,Puzzle 500 piezas Monte Rosa
,Puzzle 500 piezas Mordillo El
,Puzzle 500 piezas Mordillo La
,Puzzle 500 piezas Nueva York
,Puzzle 500 piezas THE FUNNY DA
,Puzzle 500 piezas Vista Santor
,Puzzle 60 piezas Avengers
,Puzzle 60 piezas DC Comics Sup
,Puzzle 60 piezas Maxi Spider M
,Puzzle 6000 piezas Atardecer e
,Puzzle 6000 piezas Disney Gala
,Puzzle Eco 3D Triceratops
,Puzzle Magnetico 2 en 1 Dinosa
,Puzzle Magnetico 2 en 1 jungla
,Puzzle Magnetico 2 en 1 Unicor
,Puzzle Sorter
,Puzzle1500piezasGoodTimes_Com
,Puzzle1500piezasHarryPotte_PE
,Puzzle500piezasAmanecerVen_Com
,Puzzle500piezasHarryPotter_2
,Puzzle500piezasHarryPotter_Mun
,PuzzleBatallaPirataCompact
,PuzzleBatmanIIrojo
,PuzzleBibliodam
,PuzzleCaidadelosAngeles
,PuzzleCallesParis
,PuzzleCanaletto
,PUZZLECANALETTO
,PuzzleCanalVenecia
,PuzzleCapriHQC
,PuzzleCarnaval
,PuzzleCastillo Cochem
,PuzzleCuidadNuevaYork
,PuzzleDowntownCompact
,PuzzleElFaro
,PuzzleFloresParisCompact
,PuzzleGlobosCapadocia
,PuzzleHarryPotter
,PuzzleHarryPotterBaul
,PuzzleHarryPotterImposible
,PuzzleHarryPotterMaleta
,PuzzleHPamigoslechuzacompact
,PuzzleHPCompactHarryvoldemort
,PuzzleIlBacioCompact
,PuzzleKeithHaringI
,PuzzleKeithHaringII
,PuzzleLaLigadelaJusticia
,PuzzleLaLigadelaJusticiaImposi
,PuzzleLeonardoLaUltimaCena
,PuzzleLibertad
,PuzzleMachuPicchuCompact
,PuzzleMafaldaGloboTerraqueo
,PuzzleMontSaintMichel
,PuzzleMontSaintMichelCom
,PuzzlePanoramaCharlieBrown
,PuzzlePanoramaHarryPotter
,PuzzlePanoramaHarryPotter2
,PuzzlePanoramaMafalda
,PuzzlePanoramaMarvel
,PuzzlePanoramaParis
,PuzzlePanoramaPixar
,PuzzleParqueGüellBarcelona
,PuzzlePostalBarcelona
,PuzzlePostalLondres
,PuzzleVengadoresCompact
,PYLOSMINI
,QUANTIKMINI
,QUORIDORPACMAN
,QUORRIDOR
,QUORRIDOR MINI
,QWIXX
,RAMENFURY
,REGICIDE
,RUMMIKUB
,SABOTEURANIVERSARIO
,SCOPESTALINGRAD
,SPICY
,STACKING TIN ESP
,STEAM Space Exploration
,STELLAR CROWN BOOSTER BOX ESP
,STELLAR CROWN BOOSTER BOX ING
,STELLAR CROWN BOOSTER BUNDLE
,STORYCUBES
,Tangran Magnetico Kit Competic
,TARKIR BOOSTER DISPLAY
,TARKIR DRAGONSTORM BUNDLE
,TARKIR PLAY BOOSTER
,THE ACADEMIC 133+XL BLACK/BLAC
,THE ACADEMIC 133+XL TEAL/PINK
,THEGAME
,THRONE OF ELDRAINE THEME BOOST
,THROWTHROWBURRITOEXTERIORES
,THUNDER JUNCTION BOOSTER BOX
,THUNDER JUNCTION PLAY BOOSTER
,TIMESUPHP
,TOPTEN
,TRAPWORDS
,TULIOLULOLANAPATANA
,TWILIGHT OF THE REPUBLIC BOOST
,UNLOCK11EXTRAORDINARYADV
,UNLOCKGAMEADVENTURES
,UNPUÑADODEMEEPLES
,UNSTABLEUNICORNSAVENTURAS
,VILLA PANDA
,VIRUS2
,WIGETTA
,WINGSPAN
,ZOMBICIDE
,ZOMBICIDE2DA